{"type":"array","items":{"type":"object","properties":{"OpportunityLostReasonID":{"type":"number"},"OpportunityLostReasonName":{"type":"string"},"Active":{"type":"boolean"},"CreatedByUserID":{"type":"number"},"CreatedByUserName":{"type":"string"},"CreatedDateTime":{"type":"string"},"LastModifiedByUserID":{"type":"number"},"LastModifiedByDateTime":{"type":"string"},"LastModifiedByUserName":{"type":"string"}},"additionalProperties":false,"advanced":[]},"$schema":"http://json-schema.org/draft-07/schema#"}