{"type":"array","items":{"type":"object","properties":{"ClockTimeID":{"type":"number"},"ContactID":{"type":"number"},"ContactName":{"type":"string"},"ClockStart":{"type":"string"},"ClockEnd":{"type":"string"},"AcceptedDateTime":{"type":"string"},"AcceptedUserID":{"type":"number"},"AcceptedUserName":{"type":"string"},"BreakTime":{"type":"number"},"AcceptedShortLunch":{"type":"boolean"},"UsedBreaks":{"type":"boolean"},"PreventedFromUsingBreaks":{"type":"boolean"},"GEOLocationStartLatitude":{"type":"number"},"GEOLocationStartLongitude":{"type":"number"},"GEOLocationEndLatitude":{"type":"number"},"GEOLocationEndLongitude":{"type":"number"}},"additionalProperties":false,"advanced":[]},"$schema":"http://json-schema.org/draft-07/schema#"}