{"type":"array","items":{"type":"object","properties":{"EquipmentManufacturerID":{"type":"number"},"EquipmentManufacturerName":{"type":"string"},"Active":{"type":"boolean"},"CreatedDateTime":{"type":"string"},"CreatedByUserID":{"type":"number"},"CreatedByUserName":{"type":"string"},"LastModifiedDateTime":{"type":"string"},"LastModifiedByUserID":{"type":"number"},"LastModifiedByUserName":{"type":"string"}},"additionalProperties":false,"advanced":[]},"$schema":"http://json-schema.org/draft-07/schema#"}