{"type":"array","items":{"type":"object","properties":{"AttachmentID":{"type":"number"},"AttachmentTypeID":{"type":"number"},"AttachmentTypeName":{"type":"string"},"PropertyID":{"type":"number"},"PropertyName":{"type":"string"},"ActivityID":{"type":"number"},"ActivityNumber":{"type":"number"},"OpportunityID":{"type":"number"},"OpportunityNumber":{"type":"number"},"ContactID":{"type":"number"},"ContactName":{"type":"string"},"AttachmentName":{"type":"string"},"FileExtension":{"type":"string"},"DateUploaded":{"type":"string"},"PropertyQACategoryID":{"type":"number"},"ShowCustomer":{"type":"boolean"},"Note":{"type":"string"},"ExposeToCrew":{"type":"boolean"},"ReceiptID":{"type":"number"},"ReceiptNumber":{"type":"number"},"EquipmentID":{"type":"number"},"EquipmentDescription":{"type":"string"},"OriginalFileName":{"type":"string"},"EmployeeIncidentID":{"type":"number"},"WorkTicketID":{"type":"number"},"WorkTicketNumber":{"type":"number"},"AttachToInvoice":{"type":"boolean"},"WorkTicketVisitID":{"type":"number"},"ExternalContentID":{"type":"string"},"NotificationTemplateID":{"type":"number"},"GEOLocationLatitude":{"type":"number"},"GEOLocationLongitude":{"type":"number"}},"additionalProperties":false,"advanced":[]},"$schema":"http://json-schema.org/draft-07/schema#"}