{"description":"Token request input for Aspire API authentication\n\nThis is the authentication form that users fill out in Tray.\nThe auth_form_input structure is required for token-based authentication.\n\nBased on: https://guide.youraspire.com/apidocs/authentication-authorization-1","type":"object","properties":{"auth_form_input":{"type":"object","properties":{"client_id":{"title":"Client ID","description":"Your Aspire API Client ID (created in Aspire Admin > API)","type":"string"},"client_secret":{"title":"Client Secret","description":"Your Aspire API Client Secret","type":"string"},"environment":{"title":"Environment","description":"Select your Aspire environment","enum":["demo","production","sandbox"],"type":"string","enumLabels":["Demo","Production","Sandbox"]}},"additionalProperties":false,"required":["client_id","client_secret","environment"],"advanced":[]}},"additionalProperties":false,"required":["auth_form_input"],"$schema":"http://json-schema.org/draft-07/schema#","advanced":[]}