{"description":"Token request output for Tray token-based authentication\nThis is what gets stored in ctx.auth.user after successful authentication","type":"object","properties":{"status_code":{"type":"number"},"body":{"type":"object","properties":{"access_token":{"description":"Bearer access token from Aspire","type":"string"},"refresh_token":{"description":"Refresh token (optional)","type":"string"}},"additionalProperties":false,"required":["access_token"],"advanced":[]},"headers":{"type":"object","additionalProperties":false}},"additionalProperties":false,"required":["body","headers","status_code"],"$schema":"http://json-schema.org/draft-07/schema#","advanced":[]}