{"type":"array","items":{"type":"object","properties":{"ItemAllocationID":{"type":"number"},"ReceiptItemID":{"type":"number"},"ReceiptID":{"type":"number"},"WorkTicketID":{"type":"number"},"WorkTicketNumber":{"type":"number"},"InventoryLocationID":{"type":"number"},"InventoryLocationName":{"type":"string"},"DeviceID":{"type":"number"},"DeviceName":{"type":"string"},"CatalogItemID":{"type":"number"},"CatalogItemName":{"type":"string"},"ItemName":{"type":"string"},"ItemType":{"type":"string"},"ItemQuantity":{"type":"number"},"ItemUnitCost":{"type":"number"},"ItemTotalCost":{"type":"number"},"CreatedDateTime":{"type":"string"},"CreatedByUserID":{"type":"number"},"CreatedByUserName":{"type":"string"},"AcceptedDateTime":{"type":"string"},"AcceptedUserID":{"type":"number"},"AcceptedUserName":{"type":"string"},"AllocationStatus":{"type":"string"},"ItemAllocationDate":{"type":"string"},"LastModifiedByUserID":{"type":"number"},"LastModifiedByUserName":{"type":"string"},"LastModifiedDateTime":{"type":"string"},"TransactionID":{"type":"number"},"InventoryAdjustment":{"type":"boolean"},"InvoiceID":{"type":"number"},"JobInventoryItemAllocationID":{"type":"number"},"FromWorkTicketIDToInventory":{"type":"number"},"PreReceivedItemQuantity":{"type":"number"},"SubcontractorAcceptedUserID":{"type":"number"},"SubcontractorAcceptedDateTime":{"type":"string"},"SubcontractorCreated":{"type":"boolean"},"SubcontractorRouteID":{"type":"number"},"SubcontractorServicesRenderedDate":{"type":"string"},"WorkTicketTimeID":{"type":"number"},"EPAName":{"type":"string"},"EPANumber":{"type":"string"},"VendorInvoiceNumber":{"type":"string"},"BranchID":{"type":"number"},"AccountingPeriodYear":{"type":"string"}},"additionalProperties":false,"advanced":[]},"$schema":"http://json-schema.org/draft-07/schema#"}