{"type":"object","properties":{"body":{"description":"Request body","type":"object","properties":{"AssignedTo":{"type":"string"},"DueDate":{"type":"string"},"Notes":{"type":"string"},"OpportunityID":{"type":"number"},"Priority":{"type":"string"},"PropertyID":{"type":"number"},"StartDate":{"type":"string"},"Subject":{"type":"string"},"WorkTicketID":{"type":"number"},"IncludeClient":{"type":"boolean"},"PublicComment":{"type":"boolean"}},"additionalProperties":false,"required":["AssignedTo","Notes","Subject"],"advanced":[]},"api_version":{"type":"string"}},"additionalProperties":false,"required":["body"],"$schema":"http://json-schema.org/draft-07/schema#","advanced":[]}