{"type":"array","items":{"type":"object","properties":{"AddressID":{"type":"number"},"AddressLine1":{"type":"string"},"AddressLine2":{"type":"string"},"City":{"type":"string"},"StateProvinceCode":{"type":"string"},"ZipCode":{"type":"string"},"CreatedByUserId":{"type":"number"},"CreatedByUserName":{"type":"string"},"CreatedOn":{"type":"string"},"LastModifiedByUserId":{"type":"number"},"LastModifiedByUserName":{"type":"string"},"LastModifiedOn":{"type":"string"}},"additionalProperties":false,"advanced":[]},"$schema":"http://json-schema.org/draft-07/schema#"}