{"type":"object","properties":{"body":{"description":"Request body","type":"object","properties":{"Amount":{"type":"number"},"BillingCompany":{"type":"string"},"BillingContact":{"type":"string"},"BranchName":{"type":"string"},"InvoiceNumber":{"type":"number"},"PaymentDate":{"type":"string"},"PaymentMethod":{"type":"string"},"PaymentNote":{"type":"string"},"PaymentReference":{"type":"string"}},"additionalProperties":false,"required":["Amount","PaymentDate","PaymentMethod","PaymentReference"],"advanced":[]},"api_version":{"type":"string"}},"additionalProperties":false,"required":["body"],"$schema":"http://json-schema.org/draft-07/schema#","advanced":[]}