{"type":"array","items":{"type":"object","properties":{"EquipmentRequestedServiceID":{"type":"number"},"EquipmentServiceTagID":{"type":"number"},"ServiceTagName":{"type":"string"},"EquipmentID":{"type":"number"},"EquipmentServiceLogID":{"type":"number"},"Notes":{"type":"string"},"CreatedDateTime":{"type":"string"},"CreatedByUserID":{"type":"number"},"CreatedByUserName":{"type":"string"},"LastModifiedDateTime":{"type":"string"},"LastModifiedByUserID":{"type":"number"},"LastModifiedByUserName":{"type":"string"},"EquipmentInspectionCategoryID":{"type":"number"},"EquipmentInspectionCategoryName":{"type":"string"},"EquipmentInspectionID":{"type":"number"},"RequestSource":{"type":"string"}},"additionalProperties":false,"advanced":[]},"$schema":"http://json-schema.org/draft-07/schema#"}