{"type":"array","items":{"type":"object","properties":{"InvoiceRevenueID":{"type":"number"},"InvoiceOpportunityID":{"type":"number"},"InvoiceID":{"type":"number"},"InvoiceDate":{"type":"string"},"BranchID":{"type":"number"},"BranchName":{"type":"string"},"DivisionID":{"type":"number"},"DivisionName":{"type":"string"},"Amount":{"type":"number"},"InvoiceBatchID":{"type":"number"},"DivisionCode":{"type":"string"},"InvoiceNumber":{"type":"number"}},"additionalProperties":false,"advanced":[]},"$schema":"http://json-schema.org/draft-07/schema#"}