{"type":"object","properties":{"body":{"description":"Request body","type":"object","properties":{"EquipmentID":{"type":"number"},"LogDate":{"type":"string"},"ReadingDate":{"type":"string"},"MeterReading":{"type":"number"},"TroubleCode":{"type":["null","string"]},"EquipmentReadingLogID":{"type":"number"}},"additionalProperties":false,"required":["LogDate","MeterReading","ReadingDate"],"advanced":[]},"api_version":{"description":"Original parameter name: api-version","type":"string"}},"additionalProperties":false,"required":["body"],"$schema":"http://json-schema.org/draft-07/schema#","advanced":[]}