{"type":"array","items":{"type":"object","properties":{"EquipmentModelID":{"type":"number"},"EquipmentManufacturerID":{"type":"number"},"EquipmentManufacturerName":{"type":"string"},"EquipmentSizeID":{"type":"number"},"EquipmentSizeName":{"type":"string"},"EquipmentClassID":{"type":"number"},"EquipmentClassName":{"type":"string"},"ModelName":{"type":"string"},"Active":{"type":"boolean"},"CreatedDateTime":{"type":"string"},"CreatedByUserID":{"type":"number"},"CreatedByUserName":{"type":"string"},"LastModifiedDateTime":{"type":"string"},"LastModifiedByUserID":{"type":"number"},"LastModifiedByUserName":{"type":"string"},"CapEXMonths":{"type":"number"},"MeterType":{"type":"string"},"FuelBurnRate":{"type":"number"},"FuelUnit":{"type":"string"}},"additionalProperties":false,"advanced":[]},"$schema":"http://json-schema.org/draft-07/schema#"}