{"type":"array","items":{"type":"object","properties":{"InvoiceID":{"type":"number"},"InvoiceBatchID":{"type":"number"},"InvoiceBatchNumber":{"type":"number"},"InvoiceAccountingPeriod":{"type":"string"},"BranchID":{"type":"number"},"BranchName":{"type":"string"},"BranchCode":{"type":"string"},"PropertyID":{"type":"number"},"PropertyName":{"type":"string"},"PrimaryContactID":{"type":"number"},"PrimaryContactName":{"type":"string"},"BillingContactID":{"type":"number"},"BillingContactName":{"type":"string"},"InvoiceDate":{"type":"string"},"Amount":{"type":"number"},"InvoiceAddressID":{"type":"number"},"AddressLine1":{"type":"string"},"AddressLine2":{"type":"string"},"City":{"type":"string"},"StateProvinceCode":{"type":"string"},"ZipCode":{"type":"string"},"AmountRemaining":{"type":"number"},"OrigAmount":{"type":"number"},"PaymentTermsID":{"type":"number"},"PaymentTermsName":{"type":"string"},"InvoiceNote":{"type":"string"},"EmailStatus":{"type":"string"},"DueDate":{"type":"string"},"ReportLayoutID":{"type":"number"},"ReportLayoutName":{"type":"string"},"CompanyID":{"type":"number"},"CompanyName":{"type":"string"},"TaxJurisdictionID":{"type":"number"},"TaxJurisdictionName":{"type":"string"},"InvoiceNumberPrefix":{"type":"string"},"LastModifiedDateTime":{"type":"string"},"LastModifiedByUserID":{"type":"number"},"LastModifiedByUserName":{"type":"string"},"CompletedDateTime":{"type":"string"},"InvoiceOpportunities":{"type":"array","items":{}},"InvoiceNumber":{"type":"number"}},"additionalProperties":false,"advanced":[]},"$schema":"http://json-schema.org/draft-07/schema#"}