{"type":"array","items":{"type":"object","properties":{"EquipmentID":{"type":"number"},"EquipmentModelID":{"type":"number"},"BranchID":{"type":"number"},"DivisionID":{"type":"number"},"PropertyID":{"type":"number"},"RouteID":{"type":"number"},"Description":{"type":"string"},"ModelYear":{"type":"number"},"AssetNumber":{"type":"string"},"RequestedDate":{"type":"string"},"RequestedUserID":{"type":"number"},"ApprovedDate":{"type":"string"},"ApprovedUserID":{"type":"number"},"PurchasedDate":{"type":"string"},"PurchasedUserID":{"type":"number"},"PurchasePrice":{"type":"number"},"InServiceDate":{"type":"string"},"InServiceUserID":{"type":"number"},"OutOfServiceDate":{"type":"string"},"OutOfServiceUserID":{"type":"number"},"DisposedDate":{"type":"string"},"DisposedUserID":{"type":"number"},"EquipmentDisposalReasonID":{"type":"number"},"DisposedPrice":{"type":"number"},"SerialNumber":{"type":"string"},"EngineNumber":{"type":"string"},"Active":{"type":"boolean"},"WarrantyDays":{"type":"number"},"CreatedDateTime":{"type":"string"},"CreatedByUserID":{"type":"number"},"LastModifiedDateTime":{"type":"string"},"LastModifiedByUserID":{"type":"number"},"EquipmentStatusID":{"type":"number"},"FinancingBank":{"type":"string"},"PaySchedule":{"type":"number"},"PlateNumber":{"type":"string"},"RenewalDate":{"type":"string"},"GrossVehicleWeight":{"type":"number"},"Dealer":{"type":"string"},"MileageHours":{"type":"number"},"EstimatedPurchasePrice":{"type":"number"},"AspireGPSIdentifier":{"type":"string"},"TrackerType":{"type":"string"},"EquipmentModelName":{"type":"string"},"BranchName":{"type":"string"},"DivisionName":{"type":"string"},"PropertyName":{"type":"string"},"RouteName":{"type":"string"},"RequestedUserName":{"type":"string"},"ApprovedUserName":{"type":"string"},"PurchasedUserName":{"type":"string"},"InServiceUserName":{"type":"string"},"OutOfServiceUserName":{"type":"string"},"DisposedUserName":{"type":"string"},"CreatedByUserName":{"type":"string"},"LastModifiedByUserName":{"type":"string"},"EquipmentDisposalReason":{"type":"string"},"EquipmentStatusName":{"type":"string"}},"additionalProperties":false,"advanced":[]},"$schema":"http://json-schema.org/draft-07/schema#"}