{"type":"object","properties":{"body":{"description":"Request body","type":"object","properties":{"ContactID":{"type":"number"},"ClockStartLat":{"type":"number"},"ClockStartLong":{"type":"number"},"ClockStartDateTime":{"type":"string"},"BreakTime":{"type":"number"},"RouteID":{"type":["null","number"]},"CrewLeaderContactID":{"type":["null","number"]},"ClockEndLat":{"type":"number"},"ClockEndLong":{"type":"number"},"ClockEndDateTime":{"type":"string"}},"additionalProperties":false,"required":["ClockEndDateTime","ClockStartDateTime"],"advanced":[]},"api_version":{"description":"Original parameter name: api-version","type":"string"}},"additionalProperties":false,"required":["body"],"$schema":"http://json-schema.org/draft-07/schema#","advanced":[]}