{"type":"array","items":{"type":"object","properties":{"EmployeeIncidentID":{"type":"number"},"EmployeeIncidentTypeID":{"type":"number"},"EmployeeIncidentTypeName":{"type":"string"},"ContactID":{"type":"number"},"ContactName":{"type":"string"},"EmployeeIncidentDate":{"type":"string"},"Cost":{"type":"number"},"InsuranceSubmissionDate":{"type":"string"},"HRComments":{"type":"string"},"EmployeeComments":{"type":"string"},"SupervisorComments":{"type":"string"},"CreatedByUserID":{"type":"number"},"CreatedDateTime":{"type":"string"},"CreatedByUserName":{"type":"string"},"LastModifiedByUserID":{"type":"number"},"LastModifiedByUserName":{"type":"string"},"LastModifiedDateTime":{"type":"string"},"SupervisorContactID":{"type":"number"},"HRContactID":{"type":"number"}},"additionalProperties":false,"advanced":[]},"$schema":"http://json-schema.org/draft-07/schema#"}