{"type":"object","properties":{"body":{"description":"Request body","type":"object","properties":{"CompanyName":{"type":"string"},"DeniedTimeEmail":{"type":["null","string"]},"Active":{"type":"boolean"},"CompanyID":{"type":"number"}},"additionalProperties":false,"required":["CompanyName"],"advanced":[]},"api_version":{"description":"Original parameter name: api-version","type":"string"}},"additionalProperties":false,"required":["body"],"$schema":"http://json-schema.org/draft-07/schema#","advanced":[]}