{"type":"object","properties":{"body":{"description":"Request body","type":"object","properties":{"OpportunityName":{"type":"string"},"BidDueDate":{"type":["null","string"]},"RenewalDate":{"type":["null","string"]},"LeadSourceID":{"type":["null","number"]},"SalesRepID":{"type":"number"},"AnticipatedCloseDate":{"type":["null","string"]},"Probability":{"type":"number"},"DivisionID":{"type":"number"},"StartDate":{"type":["null","string"]},"SalesTypeID":{"type":["null","number"]},"OperationsMgrID":{"type":["null","number"]},"EndDate":{"type":["null","string"]},"InvoiceType":{"type":["null","string"]},"MasterOpportunityID":{"type":["null","number"]},"BranchID":{"type":["null","number"]},"TemplateOpportunityID":{"type":["null","number"]},"PropertyID":{"type":"number"},"BudgetedDollars":{"type":"number"},"EstimatedDollars":{"type":"number"},"OpportunityStatusID":{"type":"number"},"OpportunityType":{"type":"string"},"OpportunityTags":{"type":["null","string"]},"CustomerContractNum":{"type":["null","string"]},"CustomerPONum":{"type":["null","string"]}},"additionalProperties":false,"required":["OpportunityName","OpportunityType"],"advanced":[]},"api_version":{"description":"Original parameter name: api-version","type":"string"}},"additionalProperties":false,"required":["body"],"$schema":"http://json-schema.org/draft-07/schema#","advanced":[]}