{"type":"array","items":{"type":"object","properties":{"ContactID":{"type":"number"},"CompanyID":{"type":"number"},"CompanyName":{"type":"string"},"ContactTypeID":{"type":"number"},"ContactTypeName":{"type":"string"},"OfficeAddress":{},"HomeAddress":{},"BranchID":{"type":"number"},"BranchName":{"type":"string"},"OwnerContactID":{"type":"number"},"OwnerContactName":{"type":"string"},"Salutation":{"type":"string"},"FirstName":{"type":"string"},"LastName":{"type":"string"},"ProspectRating":{"type":"string"},"ProspectRatingName":{"type":"string"},"Title":{"type":"string"},"Email":{"type":"string"},"MobilePhone":{"type":"string"},"OfficePhone":{"type":"string"},"HomePhone":{"type":"string"},"Fax":{"type":"string"},"Notes":{"type":"string"},"Active":{"type":"boolean"},"CreatedDateTime":{"type":"string"},"CreatedByUserID":{"type":"number"},"CreatedByUserName":{"type":"string"},"EmployeeNumber":{"type":"string"},"Website":{"type":"string"},"EmployeePin":{"type":"string"},"AccountingSyncID":{"type":"string"},"ExternalContactReference":{"type":"string"},"TerminationDate":{"type":"string"},"HRNotes":{"type":"string"},"DefaultWorkersCompID":{"type":"number"},"DefaultWorkersCompName":{"type":"string"},"DefaultWorkersCompStateProvinceCode":{"type":"string"},"UserID":{"type":"number"},"CrewSize":{"type":"number"},"PromptForCrewSize":{"type":"boolean"},"SubCrewLeaderContactID":{"type":"number"},"PayScheduleID":{"type":"number"},"LastModifiedByUserId":{"type":"number"},"LastModifiedByUserName":{"type":"string"},"ModifiedDate":{"type":"string"},"ContactTags":{"type":"array","items":{}},"ContactSignature":{"type":"string"}},"additionalProperties":false,"advanced":[]},"$schema":"http://json-schema.org/draft-07/schema#"}