{"type":"object","properties":{"body":{"description":"Request body","type":"object","properties":{"FileName":{"type":"string"},"FileData":{"type":"string"},"ObjectId":{"type":"number"},"ObjectCode":{"type":"string"},"AttachmentTypeId":{"type":"number"},"AttachToInvoice":{"type":["null","boolean"]},"ExposeToCrew":{"type":["null","boolean"]}},"additionalProperties":false,"required":["AttachmentTypeId","FileData","FileName","ObjectCode"],"advanced":[]},"api_version":{"description":"Original parameter name: api-version","type":"string"}},"additionalProperties":false,"required":["body"],"$schema":"http://json-schema.org/draft-07/schema#","advanced":[]}