{"type":"array","items":{"type":"object","properties":{"EquipmentServiceLogID":{"type":"number"},"EquipmentID":{"type":"number"},"EquipmentModelServiceScheduleID":{"type":"number"},"BranchID":{"type":"number"},"BranchName":{"type":"string"},"DivisionID":{"type":"number"},"DivisionName":{"type":"string"},"RouteID":{"type":"number"},"RouteName":{"type":"string"},"ServiceDate":{"type":"string"},"TechnicianContactID":{"type":"number"},"TechnicianContactName":{"type":"string"},"ServiceComment":{"type":"string"},"ServiceCost":{"type":"number"},"ServiceHours":{"type":"number"},"CreatedDateTime":{"type":"string"},"CreatedByUserID":{"type":"number"},"CreatedByUserName":{"type":"string"},"MeterReading":{"type":"number"},"LastModifiedByUserID":{"type":"number"},"LastModifiedByUserName":{"type":"string"},"LastModifiedDateTime":{"type":"string"}},"additionalProperties":false,"advanced":[]},"$schema":"http://json-schema.org/draft-07/schema#"}