{"type":"array","items":{"type":"object","properties":{"JobID":{"type":"number"},"OpportunityID":{"type":"number"},"JobStatusID":{"type":"number"},"CustomerJobNum":{"type":"string"},"CustomerPO":{"type":"string"},"CompleteDate":{"type":"string"},"CompletedUserID":{"type":"number"},"CreatedByUserName":{"type":"string"},"CancelDate":{"type":"string"},"CanceledByUserID":{"type":"number"},"CanceledFromOpportunity":{"type":"boolean"}},"additionalProperties":false,"advanced":[]},"$schema":"http://json-schema.org/draft-07/schema#"}