{"type":"object","properties":{"body":{"description":"Request body","type":"object","properties":{"ContactCustomFieldDefinitionID":{"type":"number"},"ContactID":{"type":"number"},"ColumnValue":{"type":["null","string"]}},"additionalProperties":false,"required":["ContactCustomFieldDefinitionID","ContactID"],"advanced":[]},"api_version":{"description":"Original parameter name: api-version","type":"string"}},"additionalProperties":false,"required":["body"],"$schema":"http://json-schema.org/draft-07/schema#","advanced":[]}