{"type":"array","items":{"type":"object","properties":{"BankDepositID":{"type":"number"},"BranchID":{"type":"number"},"BranchName":{"type":"string"},"BranchCode":{"type":"string"},"DepositDate":{"type":"string"},"DepositAmount":{"type":"number"},"DepositStatus":{"type":"string"},"CreatedDateTime":{"type":"string"},"CreatedByUserID":{"type":"number"},"CreatedByUserName":{"type":"string"},"DateSentToAccounting":{"type":"string"},"SentToAccountingUserID":{"type":"number"},"SentToAccountingUserName":{"type":"string"},"AccountingMessage":{"type":"string"},"ResetToNewDate":{"type":"string"},"ResetToNewUserID":{"type":"number"},"ResetToNewUserName":{"type":"string"}},"additionalProperties":false,"advanced":[]},"$schema":"http://json-schema.org/draft-07/schema#"}