{"type":"object","properties":{"body":{"description":"Request body","type":"object","properties":{"CatalogItemCategoryID":{"type":"number"},"ItemType":{"type":"string"},"ItemName":{"type":["null","string"]},"ItemAlternateName":{"type":["null","string"]},"ItemDescription":{"type":["null","string"]},"ItemCode":{"type":["null","string"]},"ItemCost":{"type":["null","number"]},"PurchaseUnitTypeID":{"type":["null","number"]},"AllocationUnitTypeID":{"type":["null","number"]},"UnitTypeAllocationConversion":{"type":"number"},"EPANumber":{"type":["null","string"]},"EPAName":{"type":["null","string"]},"Inventory":{"type":["null","boolean"]},"AvailableToBid":{"type":"boolean"},"Active":{"type":"boolean"},"TakeoffItemID":{"type":["null","number"]},"PurchaseUnitCost":{"type":["null","number"]},"ForceUnitPricing":{"type":["null","boolean"]},"AllocateFromMobile":{"type":["null","boolean"]},"CatalogId":{"type":["null","number"]},"MaterialBarcode1":{"type":["null","string"]},"MaterialBarcode2":{"type":["null","string"]},"CatalogItemID":{"type":"number"},"CatalogItemBranches":{"oneOf":[{"type":"array","items":{"type":"object","properties":{"CatalogItemBranchID":{"type":"number"},"BranchID":{"type":"number"},"BranchName":{"type":["null","string"]}},"additionalProperties":false,"advanced":[]}},{"type":"null"}]}},"additionalProperties":false,"required":["Active","AvailableToBid","CatalogItemCategoryID","ItemType"],"advanced":[]},"api_version":{"description":"Original parameter name: api-version","type":"string"}},"additionalProperties":false,"required":["body"],"$schema":"http://json-schema.org/draft-07/schema#","advanced":[]}