{"type":"object","properties":{"method":{"enum":["DELETE","GET","PATCH","POST","PUT"],"type":"string","enumLabels":["Delete","Get","Patch","Post","Put"]},"path":{"type":"string"},"headers":{"type":"object","additionalProperties":false},"query":{"type":"object","additionalProperties":false},"json":{},"text":{"type":"string"},"base64":{"type":"string"},"response":{"enum":["bytes","json","text"],"type":"string","enumLabels":["Bytes","Json","Text"]}},"additionalProperties":false,"required":["method","path"],"$schema":"http://json-schema.org/draft-07/schema#","advanced":[]}