{"type":"array","items":{"type":"object","properties":{"CatalogItemID":{"type":"number"},"CatalogItemCategoryID":{"type":"number"},"ItemType":{"type":"string"},"ItemName":{"type":"string"},"ItemAlternateName":{"type":"string"},"ItemDescription":{"type":"string"},"ItemCode":{"type":"string"},"ItemCost":{"type":"number"},"PurchaseUnitTypeID":{"type":"number"},"PurchaseUnitTypeName":{"type":"string"},"AllocationUnitTypeID":{"type":"number"},"AllocationUnitTypeName":{"type":"string"},"UnitTypeAllocationConversion":{"type":"number"},"EPANumber":{"type":"string"},"EPAName":{"type":"string"},"Inventory":{"type":"boolean"},"AvailableToBid":{"type":"boolean"},"Active":{"type":"boolean"},"LastUpdatedDateTime":{"type":"string"},"LastUpdatedByUserID":{"type":"number"},"LastUpdatedByUserName":{"type":"string"},"PurchaseUnitCost":{"type":"number"},"ForceUnitPricing":{"type":"boolean"},"AllocateFromMobile":{"type":"boolean"},"CatalogId":{"type":"number"},"CatalogName":{"type":"string"},"TakeoffItemID":{"type":"number"},"CatalogItemBranches":{"type":"array","items":{}},"AllBranches":{"type":"boolean"},"MaterialBarcode1":{"type":"string"},"MaterialBarcode2":{"type":"string"}},"additionalProperties":false,"advanced":[]},"$schema":"http://json-schema.org/draft-07/schema#"}