{"type":"array","items":{"type":"object","properties":{"ActivityID":{"type":"number"},"PropertyID":{"type":"number"},"OpportunityID":{"type":"number"},"WorkTicketID":{"type":"number"},"ActivityType":{"type":"string"},"Status":{"type":"string"},"Subject":{"type":"string"},"Location":{"type":"string"},"IncludeClient":{"type":"boolean"},"IncludeCrew":{"type":"boolean"},"Notes":{"type":"string"},"Priority":{"type":"string"},"StartDate":{"type":"string"},"EndDate":{"type":"string"},"DueDate":{"type":"string"},"CompleteDate":{"type":"string"},"CreatedByUserID":{"type":"number"},"CreatedByUserName":{"type":"string"},"CreatedDate":{"type":"string"},"SentDate":{"type":"string"},"ActivityNumber":{"type":"number"},"InvoiceID":{"type":"number"},"PaymentID":{"type":"number"},"Private":{"type":"boolean"},"CompletedByUserID":{"type":"number"},"CompletedByUserName":{"type":"string"},"IsMileStone":{"type":"boolean"},"ModifiedDate":{"type":"string"},"ActivityCategoryID":{"type":"number"},"ActivityCategoryName":{"type":"string"}},"additionalProperties":false,"advanced":[]},"$schema":"http://json-schema.org/draft-07/schema#"}