{"type":"array","items":{"type":"object","properties":{"BranchID":{"type":"number"},"BranchName":{"type":"string"},"Active":{"type":"boolean"},"InternalPropertyID":{"type":"number"},"InternalPropertyName":{"type":"string"},"CatalogPriceListName":{"type":"string"},"BranchAddressID":{"type":"number"},"BranchAddressLine1":{"type":"string"},"BranchAddressLine2":{"type":"string"},"BranchAddressCity":{"type":"string"},"BranchAddressStateProvinceCode":{"type":"string"},"BranchAddressZipCode":{"type":"string"},"BranchPhone":{"type":"string"},"BranchFax":{"type":"string"},"BranchCode":{"type":"string"},"BranchManagerContactID":{"type":"number"},"BranchManagerContactName":{"type":"string"},"LegalName":{"type":"string"},"TimeZone":{"type":"string"},"InvoiceNumberPrefix":{"type":"string"},"ReceiptNumberPrefix":{"type":"string"},"OpportunityNumberPrefix":{"type":"string"},"RegionID":{"type":"number"},"RegionName":{"type":"string"},"BillingEmailFromAccountOwner":{"type":"boolean"},"BillingEmailFromUserName":{"type":"string"},"BillingEmailFromEmail":{"type":"string"},"BillingEmailSubject":{"type":"string"},"BillingEmailBody":{"type":"string"},"InvoiceOnCompletionDescription":{"type":"string"},"BranchWebSite":{"type":"string"},"CatalogPriceListID":{"type":"number"},"BillingEmailCC":{"type":"string"}},"additionalProperties":false,"advanced":[]},"$schema":"http://json-schema.org/draft-07/schema#"}