{"description":"Token request input for Aspire API authentication\n\nThis is the authentication form that users fill out in Tray.\nFor Token Based authentication, Tray passes the auth parameters directly,\nnot wrapped in auth_form_input.\n\nBased on: https://guide.youraspire.com/apidocs/authentication-authorization-1","type":"object","properties":{"client_id":{"title":"Client ID","description":"Your Aspire API Client ID (created in Aspire Admin > API)","type":"string"},"client_secret":{"title":"Client Secret","description":"Your Aspire API Client Secret","type":"string"},"environment":{"title":"Environment","description":"Select your Aspire environment","enum":["demo","production","sandbox"],"type":"string","enumLabels":["Demo","Production","Sandbox"]}},"additionalProperties":false,"required":["client_id","client_secret","environment"],"$schema":"http://json-schema.org/draft-07/schema#","advanced":[]}