{"type":"array","items":{"type":"object","properties":{"CertificationID":{"type":"number"},"CertificationTypeID":{"type":"number"},"CertificationTypeName":{"type":"string"},"ContactID":{"type":"number"},"ContactName":{"type":"string"},"CertificationDate":{"type":"string"},"ExpirationDate":{"type":"string"},"CreatedByUserID":{"type":"number"},"CreatedByUserName":{"type":"string"},"CreatedDateTime":{"type":"string"},"LastModifiedByUserID":{"type":"number"},"LastModifiedByUserName":{"type":"string"},"LastModifiedDateTime":{"type":"string"}},"additionalProperties":false,"advanced":[]},"$schema":"http://json-schema.org/draft-07/schema#"}