{"type":"array","items":{"type":"object","properties":{"EmployeeIncidentTypeID":{"type":"number"},"CreatedByUserID":{"type":"number"},"CreatedByUserName":{"type":"string"},"CreatedDateTime":{"type":"string"},"LastModifiedByUserID":{"type":"number"},"LastModifiedByUserName":{"type":"string"},"LastModifiedDateTime":{"type":"string"},"EmployeeIncidentTypeName":{"type":"string"},"Active":{"type":"boolean"}},"additionalProperties":false,"advanced":[]},"$schema":"http://json-schema.org/draft-07/schema#"}