{"type":"array","items":{"type":"object","properties":{"DivisionID":{"type":"number"},"DivisionName":{"type":"string"},"Active":{"type":"boolean"},"DivisionCode":{"type":"string"},"Indirect":{"type":"boolean"},"WorkersCompID":{"type":"number"},"WorkersCompName":{"type":"string"},"AccountNumber":{"type":"string"},"MaterialExpenseAccountNumber":{"type":"string"},"EquipmentExpenseAccountNumber":{"type":"string"},"SubExpenseAccountNumber":{"type":"string"},"OtherExpenseAccountNumber":{"type":"string"}},"additionalProperties":false,"advanced":[]},"$schema":"http://json-schema.org/draft-07/schema#"}