{"type":"array","items":{"type":"object","properties":{"CompanyID":{"type":"number"},"CompanyName":{"type":"string"},"CreatedDateTime":{"type":"string"},"CreatedByUserName":{"type":"string"},"ModifiedDateTime":{"type":"string"},"ModifiedByUserName":{"type":"string"},"DeniedTimeEmail":{"type":"string"},"Active":{"type":"boolean"},"CreatedByUserID":{"type":"number"},"ModifiedByUserID":{"type":"number"},"EarliestOpportunityWonDate":{"type":"string"}},"additionalProperties":false,"advanced":[]},"$schema":"http://json-schema.org/draft-07/schema#"}