{"type":"array","items":{"type":"object","properties":{"InventoryLocationID":{"type":"number"},"BranchID":{"type":"number"},"BranchName":{"type":"string"},"DefaultLocation":{"type":"boolean"},"Active":{"type":"boolean"},"AddressID":{"type":"number"},"AddressLine1":{"type":"string"},"AddressLine2":{"type":"string"},"City":{"type":"string"},"StateProvinceCode":{"type":"string"},"ZipCode":{"type":"string"}},"additionalProperties":false,"advanced":[]},"$schema":"http://json-schema.org/draft-07/schema#"}