{"type":"array","items":{"type":"object","properties":{"EquipmentReadingLogID":{"type":"number"},"EquipmentID":{"type":"number"},"BranchID":{"type":"number"},"BranchName":{"type":"string"},"DivisionID":{"type":"number"},"DivisionName":{"type":"string"},"RouteID":{"type":"number"},"RouteName":{"type":"string"},"LogDate":{"type":"string"},"ReadingDate":{"type":"string"},"MeterReading":{"type":"number"},"TroubleCode":{"type":"string"},"CreatedDateTime":{"type":"string"},"CreatedByUserID":{"type":"number"},"CreatedByUserName":{"type":"string"},"LastModifiedByUserID":{"type":"number"},"LastModifiedByUserName":{"type":"string"},"LastModifiedDateTime":{"type":"string"}},"additionalProperties":false,"advanced":[]},"$schema":"http://json-schema.org/draft-07/schema#"}