{"type":"object","properties":{"method":{"title":"Method","description":"The HTTP verb to perform the request with.","default":"GET","enumLabels":["DELETE","GET","HEAD","OPTIONS","PATCH","POST","PUT"],"type":"string","enum":["DELETE","GET","HEAD","OPTIONS","PATCH","POST","PUT"]},"url":{"title":"URL","description":"The URL to make the request with.","oneOf":[{"title":"Endpoint","type":"object","properties":{"endpoint":{"title":"Endpoint","description":"The endpoint to call in relation to the base URL used by the connector. E.g: '/department/marketing/employees'.","type":"string"}},"additionalProperties":false,"required":["endpoint"],"advanced":[]},{"title":"Full URL","type":"object","properties":{"fullUrl":{"title":"Full URL","description":"The full URL to make the request against. Must begin with `http://` or `https://`.","type":"string"}},"additionalProperties":false,"required":["fullUrl"],"advanced":[]}]},"headers":{"title":"Headers","description":"Headers to include in the request.","type":"object","properties":{},"additionalProperties":true,"advanced":[]},"queryParams":{"title":"Query Params","description":"Query parameters to be supplied with the request.","type":"object","properties":{},"additionalProperties":true,"advanced":[]},"body":{"title":"Body Type","description":"The body of the request.","oneOf":[{"title":"raw","description":"The raw body to perform the request with.","type":"object","properties":{"raw":{"title":"raw","description":"Select either `string` to send the body as defined, or `object` to send the body as a JSON object.","format":"code","type":["object","string"]}},"additionalProperties":false,"required":["raw"],"advanced":[]},{"title":"form-urlencoded","description":"The form urlencoded body to perform the request with.","type":"object","properties":{"form_urlencoded":{"title":"form-urlencoded","description":"The form urlencoded data to send with the request.","additionalProperties":true,"type":"object","properties":{},"advanced":[]}},"additionalProperties":false,"required":["form_urlencoded"],"advanced":[]},{"title":"binary","description":"The binary body to perform the request with.","additionalProperties":false,"type":"object","properties":{"binary":{"title":"binary","description":"The tray file object to retrieve the contents of and send with the request.","format":"file","additionalProperties":false,"type":"object","properties":{},"advanced":[]}},"required":["binary"],"advanced":[]},{"title":"none","description":"Select this option to not send a body in the request.","type":"object","properties":{"none":{"title":"None","description":"Select this option to not send a body in the request.","type":"null"}},"additionalProperties":false,"required":["none"],"advanced":[]}]}},"additionalProperties":false,"required":["body","method","url"],"$schema":"http://json-schema.org/draft-07/schema#","advanced":[]}