{"type":"array","items":{"type":"object","properties":{"DivisionIntegrationCodeID":{"type":"number"},"DivisionIntegrationCodeName":{"type":"string"},"CreatedByUserID":{"type":"number"},"CreatedByUserName":{"type":"string"},"CreatedDateTime":{"type":"string"},"LastModifiedByUserID":{"type":"number"},"LastModifiedByUserName":{"type":"string"},"LastModifiedDateTime":{"type":"string"},"Active":{"type":"boolean"}},"additionalProperties":false,"advanced":[]},"$schema":"http://json-schema.org/draft-07/schema#"}