{"type":"object","properties":{"body":{"description":"Request body","type":"object","properties":{"Contact":{},"HomeAddress":{},"OfficeAddress":{},"HRDetail":{"type":["null","number"]},"UpdateOpportunities":{"type":"boolean"},"ResendEmails":{"type":"boolean"},"UpdateInvoicesCompany":{"type":"boolean"},"ContactTags":{"type":["null","string"]},"PayScheduleID":{"type":"number"},"UpdateEmailAddress":{"type":"boolean"},"UpdatePin":{"type":"boolean"},"UpdateTags":{"type":"boolean"}},"additionalProperties":false,"required":["Contact"],"advanced":[]},"api_version":{"description":"Original parameter name: api-version","type":"string"}},"additionalProperties":false,"required":["body"],"$schema":"http://json-schema.org/draft-07/schema#","advanced":[]}