{"type":"object","properties":{"body":{"description":"Request body","type":"object","properties":{"Quantity":{"type":"number"},"CatalogItemID":{"type":"number"},"InventoryLocationID":{"type":"number"},"WorkTicketID":{"type":"number"},"AllocationDate":{"type":"string"}},"additionalProperties":false,"required":["AllocationDate","CatalogItemID","InventoryLocationID","Quantity","WorkTicketID"],"advanced":[]},"api_version":{"description":"Original parameter name: api-version","type":"string"}},"additionalProperties":false,"required":["body"],"$schema":"http://json-schema.org/draft-07/schema#","advanced":[]}