{"type":"object","properties":{"body":{"description":"Request body","type":"object","properties":{"LocalityName":{"type":"string"},"LocalCode":{"type":["null","string"]},"Active":{"type":"boolean"},"LocalityID":{"type":"number"}},"additionalProperties":false,"required":["Active","LocalityID","LocalityName"],"advanced":[]},"api_version":{"description":"Original parameter name: api-version","type":"string"}},"additionalProperties":false,"required":["body"],"$schema":"http://json-schema.org/draft-07/schema#","advanced":[]}