{"type":"object","properties":{"body":{"description":"Request body","type":"object","properties":{"OpportunityLostReasonName":{"type":["null","string"]},"OpportunityLostReasonID":{"type":"number"},"Active":{"type":["null","boolean"]}},"additionalProperties":false,"required":["OpportunityLostReasonID"],"advanced":[]},"api_version":{"description":"Original parameter name: api-version","type":"string"}},"additionalProperties":false,"required":["body"],"$schema":"http://json-schema.org/draft-07/schema#","advanced":[]}