{"type":"array","items":{"type":"object","properties":{"OpportunityID":{"type":"number"},"PropertyID":{"type":"number"},"OpportunityStatusID":{"type":"number"},"OpportunityStatusName":{"type":"string"},"SalesRepContactID":{"type":"number"},"SalesRepContactName":{"type":"string"},"OperationsManagerContactID":{"type":"number"},"OperationsManagerContactName":{"type":"string"},"DivisionID":{"type":"number"},"DivisionName":{"type":"string"},"BranchID":{"type":"number"},"BranchName":{"type":"string"},"SalesTypeID":{"type":"number"},"SalesTypeName":{"type":"string"},"TemplateOpportunityID":{"type":"number"},"LeadSourceID":{"type":"number"},"LeadSourceName":{"type":"string"},"MasterOpportunityID":{"type":"number"},"BillingAddressID":{"type":"number"},"BillingAddressLine1":{"type":"string"},"BillingAddressLine2":{"type":"string"},"BillingAddressCity":{"type":"string"},"BillingAddressStateProvinceCode":{"type":"string"},"BillingAddressZipCode":{"type":"string"},"OpportunityType":{"type":"string"},"MasterSequenceNum":{"type":"number"},"OpportunityName":{"type":"string"},"ProposalDescription1":{"type":"string"},"StartDate":{"type":"string"},"EndDate":{"type":"string"},"BidDueDate":{"type":"string"},"CreatedDateTime":{"type":"string"},"ApprovedDate":{"type":"string"},"ProposedDate":{"type":"string"},"WonDate":{"type":"string"},"LostDate":{"type":"string"},"Probability":{"type":"number"},"AnticipatedCloseDate":{"type":"string"},"InvoiceType":{"type":"string"},"CustomerContractNum":{"type":"string"},"CustomerPONum":{"type":"string"},"BudgetedDollars":{"type":"number"},"EstimatedDollars":{"type":"number"},"StateTaxPercent":{"type":"number"},"FederalTaxPercent":{"type":"number"},"CreatedByUserID":{"type":"number"},"CreatedByUserName":{"type":"string"},"ApprovedUserID":{"type":"number"},"ApprovedUserName":{"type":"string"},"ProposedUserID":{"type":"number"},"ProposedUserName":{"type":"string"},"ClosedUserID":{"type":"number"},"ClosedUserName":{"type":"string"},"CompetitorID":{"type":"number"},"CompetitorName":{"type":"string"},"LostReason":{"type":"string"},"BillingContactID":{"type":"number"},"BillingContactName":{"type":"string"},"ProposalDescription2":{"type":"string"},"OpportunityNumber":{"type":"number"},"EstimatedCostDollars":{"type":"number"},"EstimatedOverheadDollars":{"type":"number"},"EstimatedBreakEvenDollars":{"type":"number"},"EstimatedNetProfitPercent":{"type":"number"},"EstimatedNetProfitDollars":{"type":"number"},"EstimatedGrossMarginPercent":{"type":"number"},"EstimatedGrossMarginDollars":{"type":"number"},"EstimatedLaborHours":{"type":"number"},"EstimatedLaborCostPerHour":{"type":"number"},"EstimatedRealizeRate":{"type":"number"},"EstimatedEquipmentCost":{"type":"number"},"EstimatedLaborCost":{"type":"number"},"EstimatedMaterialCost":{"type":"number"},"EstimatedOtherCost":{"type":"number"},"EstimatedSubCost":{"type":"number"},"ActualCostDollars":{"type":"number"},"ActualGrossMarginPercent":{"type":"number"},"ActualGrossMarginDollars":{"type":"number"},"ActualLaborHours":{"type":"number"},"ActualLaborCostPerHour":{"type":"number"},"ActualEarnedRevenue":{"type":"number"},"InvoiceNote":{"type":"string"},"PercentComplete":{"type":"number"},"RenewalDate":{"type":"string"},"ModifiedByUserID":{"type":"number"},"ModifiedByUserName":{"type":"string"},"ModifiedDate":{"type":"string"},"OverridePaymentTermsID":{"type":"number"},"OverridePaymentTerms":{"type":"string"},"RetainagePercent":{"type":"number"},"EstimatorNotes":{"type":"string"},"ElectronicPaymentsOverrideConvenienceFee":{"type":"number"},"OpportunityCanceledReasonID":{"type":"number"},"OpportunityCanceledReason":{"type":"string"},"RetainageMaturityDate":{"type":"string"},"DistrictName":{"type":"string"},"JobStatusName":{"type":"string"},"RegionName":{"type":"string"},"PaymentTermsID":{"type":"number"},"BillingCompanyID":{"type":"number"},"BillingCompanyName":{"type":"string"},"BranchCode":{"type":"string"},"PropertyName":{"type":"string"},"DivisionCode":{"type":"string"},"TaxablePercent":{"type":"number"},"TaxableAmount":{"type":"number"},"TMPerServiceTaxableAmount":{"type":"number"},"ActualCostSub":{"type":"number"},"ActualCostMaterial":{"type":"number"},"ActualCostLabor":{"type":"number"},"CompleteDate":{"type":"string"},"OpportunityRevisions":{"type":"array","items":{}},"OpportunityBillings":{"type":"array","items":{}},"ScheduleOfValueGroups":{"type":"array","items":{}},"OpportunityStageID":{"type":"number"},"OpportunityStage":{"type":"string"},"OpportunityStageName":{"type":"string"},"OpportunityStatus":{"type":"string"},"EstimatedTotalCost":{"type":"number"},"WonDollars":{"type":"number"},"MasterOpportunityNumber":{"type":"number"},"RealOpportunityNumber":{"type":"number"}},"additionalProperties":false,"advanced":[]},"$schema":"http://json-schema.org/draft-07/schema#"}