{"type":"object","properties":{"body":{"description":"Request body","type":"object","properties":{"ClientId":{"type":"string"},"Secret":{"type":"string"}},"additionalProperties":false,"required":["ClientId","Secret"],"advanced":[]},"api_version":{"type":"string"},"auth_form_input":{"type":"object","properties":{"client_id":{"type":"string"},"client_secret":{"type":"string"},"environment":{"enum":["demo","production","sandbox"],"type":"string","enumLabels":["Demo","Production","Sandbox"]}},"additionalProperties":false,"required":["client_id","client_secret","environment"],"advanced":[]}},"additionalProperties":false,"required":["body"],"$schema":"http://json-schema.org/draft-07/schema#","advanced":[]}