{"type":"array","items":{"type":"object","properties":{"EquipmentModelServiceScheduleID":{"type":"number"},"EquipmentModelID":{"type":"number"},"ModelName":{"type":"string"},"ServiceScheduleType":{"type":"string"},"ServiceScheduleCalendarType":{"type":"string"},"ServiceScheduleValue":{"type":"number"},"EquipmentServiceTagID":{"type":"number"},"ServiceTagName":{"type":"string"},"ServiceScheduleCost":{"type":"number"},"ServiceScheduleHours":{"type":"number"},"Active":{"type":"boolean"},"Reoccurring":{"type":"boolean"},"CreatedDateTime":{"type":"string"},"CreatedByUserID":{"type":"number"},"CreatedByUserName":{"type":"string"},"LastModifiedDateTime":{"type":"string"},"LastModifiedByUserID":{"type":"number"},"LastModifiedByUserName":{"type":"string"}},"additionalProperties":false,"advanced":[]},"$schema":"http://json-schema.org/draft-07/schema#"}