{"type":"array","items":{"type":"object","properties":{"InvoiceBatchID":{"type":"number"},"CreatedByUserID":{"type":"number"},"CreatedByUserName":{"type":"string"},"InvoiceBatchStatus":{"type":"string"},"CreatedDateTime":{"type":"string"},"SubmittedByUserID":{"type":"number"},"SubmittedByUserName":{"type":"string"},"SubmitDateTime":{"type":"string"},"InvoiceBatchNumber":{"type":"number"},"CustomerEventID":{"type":"number"},"CustomerEventTypeID":{"type":"number"},"CustomerEventTypeName":{"type":"string"},"CustomerEventName":{"type":"string"},"CustomerEventStartDateTime":{"type":"string"},"CustomerEventEndDateTime":{"type":"string"},"CustomerEventDescription":{"type":"string"},"AccountingPeriodID":{"type":"number"},"AccountingPeriodName":{"type":"string"}},"additionalProperties":false,"advanced":[]},"$schema":"http://json-schema.org/draft-07/schema#"}