{"type":"array","items":{"type":"object","properties":{"EquipmentServiceTagID":{"type":"number"},"ServiceTagName":{"type":"string"},"ServiceTagCost":{"type":"number"},"ServiceTagHours":{"type":"number"},"Active":{"type":"boolean"},"CreatedDateTime":{"type":"string"},"CreatedByUserID":{"type":"number"},"CreatedByUserName":{"type":"string"},"LastModifiedDateTime":{"type":"string"},"LastModifiedByUserID":{"type":"number"},"LastModifiedByUserName":{"type":"string"},"ServiceType":{"type":"string"}},"additionalProperties":false,"advanced":[]},"$schema":"http://json-schema.org/draft-07/schema#"}